Workbook

Sheet Raw Data
A1: Month | B1: Region | C1: Actual sales | D1: Target sales | E1: Deals closed | F1: New Customers | G1: win Rate % | H1: Chun rate %
A2: Jan | B2: North | C2: 42000 | D2: 40000 | E2: 18 | F2: 8 | G2: 42 | H2: 2.5
A3: Jan | B3: South | C3: 35000 | D3: 33000 | E3: 15 | F3: 6 | G3: 40 | H3: 2.5
A4: Jan | B4: East | C4: 28000 | D4: 27000 | E4: 12 | F4: 5 | G4: 38 | H4: 2.5
A5: Jan | B5: West | C5: 31000 | D5: 30000 | E5: 14 | F5: 6 | G5: 41 | H5: 2.5
A6: Feb | B6: North | C6: 38000 | D6: 40000 | E6: 16 | F6: 7 | G6: 43 | H6: 2.5
A7: Feb | B7: South | C7: 33000 | D7: 33000 | E7: 14 | F7: 5 | G7: 41 | H7: 2.5
A8: Feb | B8: East | C8: 26000 | D8: 27000 | E8: 11 | F8: 4 | G8: 39 | H8: 2.5
A9: Feb | B9: West | C9: 29000 | D9: 30000 | E9: 13 | F9: 5 | G9: 40 | H9: 2.5
A10: Mar | B10: North | C10: 51000 | D10: 48000 | E10: 20 | F10: 9 | G10: 44 | H10: 2.4
A11: Mar | B11: South | C11: 41000 | D11: 39000 | E11: 17 | F11: 7 | G11: 42 | H11: 2.4
A12: Mar | B12: East | C12: 33000 | D12: 31000 | E12: 13 | F12: 5 | G12: 40 | H12: 2.4
A13: Mar | B13: West | C13: 38000 | D13: 36000 | E13: 15 | F13: 6 | G13: 43 | H13: 2.4
... A25: Jun | B25: West | C25: 46000 | D25: 44000 | E25: 18 | F25: 7 | G25: 46 | H25: 2.2

Sheet Dashboard
A1: 📊 SALES KPI DASHBOARD
A2: Generated: June 17, 2026 | Period: January - June
B4: Total Revenue | F4: Total Deals | J4: New Customers | N4: Avg Win Rate
B5: =SUM('Raw Data'!C:C) -> 952000 | F5: =SUM('Raw Data'!E:E) -> 384 | J5: =SUM('Raw Data'!F:F) -> 158 | N5: =AVERAGE('Raw Data'!G:G) -> 42.666667
F9: Monthly Revenue Trend — Actual vs Target
F10: Month | G10: Jan | H10: Feb | I10: Mar | J10: Apr | K10: May | L10: Jun
F11: Actual | G11: =SUMIF('Raw Data'!A:A,"Jan",'Raw Data'!C:C) -> 136000 | H11: =SUMIF('Raw Data'!A:A,"Feb",'Raw Data'!C:C) -> 126000 | I11: =SUMIF('Raw Data'!A:A,"Mar",'Raw Data'!C:C) -> 163000 | J11: =SUMIF('Raw Data'!A:A,"Apr",'Raw Data'!C:C) -> 152000 | K11: =SUMIF('Raw Data'!A:A,"May",'Raw Data'!C:C) -> 176000 | L11: =SUMIF('Raw Data'!A:A,"Jun",'Raw Data'!C:C) -> 199000
F12: Target | G12: =SUMIF('Raw Data'!A:A,"Jan",'Raw Data'!D:D) -> 130000 | H12: =SUMIF('Raw Data'!A:A,"Feb",'Raw Data'!D:D) -> 130000 | I12: =SUMIF('Raw Data'!A:A,"Mar",'Raw Data'!D:D) -> 154000 | J12: =SUMIF('Raw Data'!A:A,"Apr",'Raw Data'!D:D) -> 154000 | K12: =SUMIF('Raw Data'!A:A,"May",'Raw Data'!D:D) -> 167000 | L12: =SUMIF('Raw Data'!A:A,"Jun",'Raw Data'!D:D) -> 190000
F13: Achivement | G13: =G11/G12*100 -> 104.61538 | H13: =H11/H12*100 -> 96.923077 | I13: =I11/I12*100 -> 105.84416 | J13: =J11/J12*100 -> 98.701299 | K13: =K11/K12*100 -> 105.38922 | L13: =L11/L12*100 -> 104.73684
G16: Monthly Deals & Win Rate
G17: Month | H17: Deals | I17: New Customers | J17: Chrun | K17: Win Rate
G18: Jan | H18: =SUMIF('[1]Raw Data'!A:A,"Jan",'[1]Raw Data'!E:E) -> 59 | I18: =SUMIF('[1]Raw Data'!A:A,"Jan",'[1]Raw Data'!G:G) -> 25 | J18: =AVERAGEIF('Raw Data'!A:A,"Jan",'Raw Data'!H:H)/100 -> 0.025 | K18: =AVERAGEIF('[1]Raw Data'!A:A,"Jan",'[1]Raw Data'!I:I) -> 0.42
G19: Feb | H19: =SUMIF('[1]Raw Data'!A:A,"Feb",'[1]Raw Data'!E:E) -> 59 | I19: =SUMIF('[1]Raw Data'!A:A,"Feb",'[1]Raw Data'!G:G) -> 25 | J19: =AVERAGEIF('Raw Data'!A:A,"Feb",'Raw Data'!H:H)/100 -> 0.025 | K19: =AVERAGEIF('[1]Raw Data'!A:A,"Feb",'[1]Raw Data'!I:I) -> 0.425
G20: Mar | H20: =SUMIF('[1]Raw Data'!A:A,"Mar",'[1]Raw Data'!E:E) -> 59 | I20: =SUMIF('[1]Raw Data'!A:A,"Mar",'[1]Raw Data'!G:G) -> 25 | J20: =AVERAGEIF('Raw Data'!A:A,"Mar",'Raw Data'!H:H)/100 -> 0.024 | K20: =AVERAGEIF('[1]Raw Data'!A:A,"Mar",'[1]Raw Data'!I:I) -> 0.43
G21: Apr | H21: =SUMIF('[1]Raw Data'!A:A,"Apr",'[1]Raw Data'!E:E) -> 63 | I21: =SUMIF('[1]Raw Data'!A:A,"Apr",'[1]Raw Data'!G:G) -> 25 | J21: =AVERAGEIF('Raw Data'!A:A,"Apr",'Raw Data'!H:H)/100 -> 0.024 | K21: =AVERAGEIF('[1]Raw Data'!A:A,"Apr",'[1]Raw Data'!I:I) -> 0.435
G22: May | H22: =SUMIF('[1]Raw Data'!A:A,"May",'[1]Raw Data'!E:E) -> 63 | I22: =SUMIF('[1]Raw Data'!A:A,"May",'[1]Raw Data'!G:G) -> 29 | J22: =AVERAGEIF('Raw Data'!A:A,"May",'Raw Data'!H:H)/100 -> 0.023 | K22: =AVERAGEIF('[1]Raw Data'!A:A,"May",'[1]Raw Data'!I:I) -> 0.44
G23: Jun | H23: =SUMIF('[1]Raw Data'!A:A,"Jun",'[1]Raw Data'!E:E) -> 63 | I23: =SUMIF('[1]Raw Data'!A:A,"Jun",'[1]Raw Data'!G:G) -> 29 | J23: =AVERAGEIF('Raw Data'!A:A,"Jun",'Raw Data'!H:H)/100 -> 0.022 | K23: =AVERAGEIF('[1]Raw Data'!A:A,"Jun",'[1]Raw Data'!I:I) -> 0.445
F25: Regional Performance
F26: Region | G26: Actual Revenue | H26: Target Revenue | I26: Achievement % | J26: Deals | K26: New Customers | L26: Win Rate
F27: North | G27: =SUMIF('[1]Raw Data'!B:B,"North",'Raw Data'!C:C) -> 294000 | H27: =SUMIF('[1]Raw Data'!B:B,"North",'Raw Data'!D:D) -> 286000 | I27: =G27/H27 -> 1.027972 | J27: =SUMIF('[1]Raw Data'!B:B,"North",'Raw Data'!E:E) -> 117 | K27: =SUMIF('[1]Raw Data'!B:B,"North",'Raw Data'!G:G) -> 267 | L27: =AVERAGEIF('Raw Data'!B:B,"North",'Raw Data'!G:G)/100 -> 0.445
F28: South | G28: =SUMIF('[1]Raw Data'!B:B,"South",'Raw Data'!C:C) -> 242000 | H28: =SUMIF('[1]Raw Data'!B:B,"South",'Raw Data'!D:D) -> 234000 | I28: =G28/H28 -> 1.034188 | J28: =SUMIF('[1]Raw Data'!B:B,"South",'Raw Data'!E:E) -> 99 | K28: =SUMIF('[1]Raw Data'!B:B,"South",'Raw Data'!G:G) -> 255 | L28: =AVERAGEIF('Raw Data'!B:B,"South",'Raw Data'!G:G)/100 -> 0.425
F29: East | G29: =SUMIF('[1]Raw Data'!B:B,"East",'Raw Data'!C:C) -> 197000 | H29: =SUMIF('[1]Raw Data'!B:B,"East",'Raw Data'!D:D) -> 191000 | I29: =G29/H29 -> 1.0314136 | J29: =SUMIF('[1]Raw Data'!B:B,"East",'Raw Data'!E:E) -> 78 | K29: =SUMIF('[1]Raw Data'!B:B,"East",'Raw Data'!G:G) -> 243 | L29: =AVERAGEIF('Raw Data'!B:B,"East",'Raw Data'!G:G)/100 -> 0.405
F30: West | G30: =SUMIF('[1]Raw Data'!B:B,"West",'Raw Data'!C:C) -> 219000 | H30: =SUMIF('[1]Raw Data'!B:B,"West",'Raw Data'!D:D) -> 214000 | I30: =G30/H30 -> 1.0233645 | J30: =SUMIF('[1]Raw Data'!B:B,"West",'Raw Data'!E:E) -> 90 | K30: =SUMIF('[1]Raw Data'!B:B,"West",'Raw Data'!G:G) -> 259 | L30: =AVERAGEIF('Raw Data'!B:B,"West",'Raw Data'!G:G)/100 -> 0.43166667
