Workbook

Sheet Raw Data
A1: Month | B1: Region | C1: Actual Sales | D1: Target Sales | E1: Deals Closed | F1: Avg Deal Size | G1: New Customers | H1: Churn Rate % | I1: Win Rate %
A2: Jan | B2: North | C2: 42000 | D2: 40000 | E2: 18 | F2: 2333.3333 | G2: 8 | H2: 0.025 | I2: 0.42
A3: Jan | B3: South | C3: 35000 | D3: 33000 | E3: 15 | F3: 2333.3333 | G3: 6 | H3: 0.025 | I3: 0.42
A4: Jan | B4: East | C4: 28000 | D4: 27000 | E4: 12 | F4: 2333.3333 | G4: 5 | H4: 0.025 | I4: 0.42
A5: Jan | B5: West | C5: 31000 | D5: 30000 | E5: 14 | F5: 2214.2857 | G5: 6 | H5: 0.025 | I5: 0.42
A6: Feb | B6: North | C6: 38000 | D6: 40000 | E6: 18 | F6: 2111.1111 | G6: 8 | H6: 0.025 | I6: 0.425
A7: Feb | B7: South | C7: 33000 | D7: 33000 | E7: 15 | F7: 2200 | G7: 6 | H7: 0.025 | I7: 0.425
A8: Feb | B8: East | C8: 26000 | D8: 27000 | E8: 12 | F8: 2166.6667 | G8: 5 | H8: 0.025 | I8: 0.425
A9: Feb | B9: West | C9: 29000 | D9: 30000 | E9: 14 | F9: 2071.4286 | G9: 6 | H9: 0.025 | I9: 0.425
A10: Mar | B10: North | C10: 51000 | D10: 48000 | E10: 18 | F10: 2833.3333 | G10: 8 | H10: 0.024 | I10: 0.43
A11: Mar | B11: South | C11: 41000 | D11: 39000 | E11: 15 | F11: 2733.3333 | G11: 6 | H11: 0.024 | I11: 0.43
A12: Mar | B12: East | C12: 33000 | D12: 31000 | E12: 12 | F12: 2750 | G12: 5 | H12: 0.024 | I12: 0.43
A13: Mar | B13: West | C13: 38000 | D13: 36000 | E13: 14 | F13: 2714.2857 | G13: 6 | H13: 0.024 | I13: 0.43
... A49: Dec | B49: West | C49: 65000 | D49: 63000 | E49: 17 | F49: 3823.5294 | G49: 8 | H49: 0.019 | I49: 0.475

Sheet KPI Summary
A1: 📊 SALES KPI DASHBOARD | FY 2024
A2: Generated: June 17, 2026 | Period: January – December 2024
B5: Total Revenue | E5: Total Deals Closed | H5: New Customers | K5: Avg Win Rate
B6: =SUMIF('Raw Data'!A:A,"Jan",'Raw Data'!C:C)+SUMIF('Raw Data'!A:A,"Feb",'Raw Data'!C:C)+SUMIF('Raw Data'!A:A,"Mar",'Raw Data'!C:C)+SUMIF('Raw Data'!A:A,"Apr",'Raw Data'!C:C)+SUMIF('Raw Data'!A:A,"May",'Raw Data'!C:C)+SUMIF('Raw Data'!A:A,"Jun",'Raw Data'!C:C)+SUMIF('Raw Data'!A:A,"Jul",'Raw Data'!C:C)+SUMIF('Raw Data'!A:A,"Aug",'Raw Data'!C:C)+SUMIF('Raw Data'!A:A,"Sep",'Raw Data'!C:C)+SUMIF('Raw Data'!A:A,"Oct",'Raw Data'!C:C)+SUMIF('Raw Data'!A:A,"Nov",'Raw Data'!C:C)+SUMIF('Raw Data'!A:A,"Dec",'Raw Data'!C:C) -> 2323000 | E6: =SUM('Raw Data'!E:E) -> 780 | H6: =SUM('Raw Data'!G:G) -> 348 | K6: =AVERAGE('Raw Data'!I2:I49) -> 0.4475
B7: vs Target | E7: Deals | H7: New Accts | K7: YTD Avg
B10: Monthly Revenue Trend — Actual vs Target
B11: Month | C11: Jan | D11: Feb | E11: Mar | F11: Apr | G11: May | H11: Jun | I11: Jul | J11: Aug | K11: Sep | L11: Oct | M11: Nov | N11: Dec
B12: Actual | C12: =SUMIF('Raw Data'!A:A,"Jan",'Raw Data'!C:C) -> 136000 | D12: =SUMIF('Raw Data'!A:A,"Feb",'Raw Data'!C:C) -> 126000 | E12: =SUMIF('Raw Data'!A:A,"Mar",'Raw Data'!C:C) -> 163000 | F12: =SUMIF('Raw Data'!A:A,"Apr",'Raw Data'!C:C) -> 152000 | G12: =SUMIF('Raw Data'!A:A,"May",'Raw Data'!C:C) -> 176000 | H12: =SUMIF('Raw Data'!A:A,"Jun",'Raw Data'!C:C) -> 199000 | I12: =SUMIF('Raw Data'!A:A,"Jul",'Raw Data'!C:C) -> 187000 | J12: =SUMIF('Raw Data'!A:A,"Aug",'Raw Data'!C:C) -> 209000 | K12: =SUMIF('Raw Data'!A:A,"Sep",'Raw Data'!C:C) -> 234000 | L12: =SUMIF('Raw Data'!A:A,"Oct",'Raw Data'!C:C) -> 223000 | M12: =SUMIF('Raw Data'!A:A,"Nov",'Raw Data'!C:C) -> 246000 | N12: =SUMIF('Raw Data'!A:A,"Dec",'Raw Data'!C:C) -> 272000
B13: Target | C13: =SUMIF('Raw Data'!A:A,"Jan",'Raw Data'!D:D) -> 130000 | D13: =SUMIF('Raw Data'!A:A,"Feb",'Raw Data'!D:D) -> 130000 | E13: =SUMIF('Raw Data'!A:A,"Mar",'Raw Data'!D:D) -> 154000 | F13: =SUMIF('Raw Data'!A:A,"Apr",'Raw Data'!D:D) -> 154000 | G13: =SUMIF('Raw Data'!A:A,"May",'Raw Data'!D:D) -> 167000 | H13: =SUMIF('Raw Data'!A:A,"Jun",'Raw Data'!D:D) -> 190000 | I13: =SUMIF('Raw Data'!A:A,"Jul",'Raw Data'!D:D) -> 179000 | J13: =SUMIF('Raw Data'!A:A,"Aug",'Raw Data'!D:D) -> 200000 | K13: =SUMIF('Raw Data'!A:A,"Sep",'Raw Data'!D:D) -> 226000 | L13: =SUMIF('Raw Data'!A:A,"Oct",'Raw Data'!D:D) -> 215000 | M13: =SUMIF('Raw Data'!A:A,"Nov",'Raw Data'!D:D) -> 238000 | N13: =SUMIF('Raw Data'!A:A,"Dec",'Raw Data'!D:D) -> 264000
B14: Achievement | C14: =C12/C13 -> 1.0461538 | D14: =D12/D13 -> 0.96923077 | E14: =E12/E13 -> 1.0584416 | F14: =F12/F13 -> 0.98701299 | G14: =G12/G13 -> 1.0538922 | H14: =H12/H13 -> 1.0473684 | I14: =I12/I13 -> 1.0446927 | J14: =J12/J13 -> 1.045 | ... N14: =N12/N13 -> 1.030303
B16: Regional Performance | J16: Monthly Deals & Win Rate
B17: Region | C17: Actual Revenue | D17: Target Revenue | E17: Achievement % | F17: Deals | G17: New Customers | H17: Win Rate | J17: Month | K17: Deals | L17: New Cust | M17: Churn % | N17: Win Rate
B18: North | C18: =SUMIF('Raw Data'!B:B,"North",'Raw Data'!C:C) -> 704000 | D18: =SUMIF('Raw Data'!B:B,"North",'Raw Data'!D:D) -> 683000 | E18: =C18/D18 -> 1.0307467 | F18: =SUMIF('Raw Data'!B:B,"North",'Raw Data'!E:E) -> 234 | G18: =SUMIF('Raw Data'!B:B,"North",'Raw Data'!G:G) -> 108 | H18: =AVERAGEIF('Raw Data'!B:B,"North",'Raw Data'!I:I) -> 0.4475 | J18: Jan | K18: =SUMIF('Raw Data'!A:A,"Jan",'Raw Data'!E:E) -> 59 | L18: =SUMIF('Raw Data'!A:A,"Jan",'Raw Data'!G:G) -> 25 | M18: =AVERAGEIF('Raw Data'!A:A,"Jan",'Raw Data'!H:H) -> 0.025 | N18: =AVERAGEIF('Raw Data'!A:A,"Jan",'Raw Data'!I:I) -> 0.42
B19: South | C19: =SUMIF('Raw Data'!B:B,"South",'Raw Data'!C:C) -> 587000 | D19: =SUMIF('Raw Data'!B:B,"South",'Raw Data'!D:D) -> 567000 | E19: =C19/D19 -> 1.0352734 | F19: =SUMIF('Raw Data'!B:B,"South",'Raw Data'!E:E) -> 198 | G19: =SUMIF('Raw Data'!B:B,"South",'Raw Data'!G:G) -> 84 | H19: =AVERAGEIF('Raw Data'!B:B,"South",'Raw Data'!I:I) -> 0.4475 | J19: Feb | K19: =SUMIF('Raw Data'!A:A,"Feb",'Raw Data'!E:E) -> 59 | L19: =SUMIF('Raw Data'!A:A,"Feb",'Raw Data'!G:G) -> 25 | M19: =AVERAGEIF('Raw Data'!A:A,"Feb",'Raw Data'!H:H) -> 0.025 | N19: =AVERAGEIF('Raw Data'!A:A,"Feb",'Raw Data'!I:I) -> 0.425
B20: East | C20: =SUMIF('Raw Data'!B:B,"East",'Raw Data'!C:C) -> 491000 | D20: =SUMIF('Raw Data'!B:B,"East",'Raw Data'!D:D) -> 473000 | E20: =C20/D20 -> 1.038055 | F20: =SUMIF('Raw Data'!B:B,"East",'Raw Data'!E:E) -> 162 | G20: =SUMIF('Raw Data'!B:B,"East",'Raw Data'!G:G) -> 72 | H20: =AVERAGEIF('Raw Data'!B:B,"East",'Raw Data'!I:I) -> 0.4475 | J20: Mar | K20: =SUMIF('Raw Data'!A:A,"Mar",'Raw Data'!E:E) -> 59 | L20: =SUMIF('Raw Data'!A:A,"Mar",'Raw Data'!G:G) -> 25 | M20: =AVERAGEIF('Raw Data'!A:A,"Mar",'Raw Data'!H:H) -> 0.024 | N20: =AVERAGEIF('Raw Data'!A:A,"Mar",'Raw Data'!I:I) -> 0.43
B21: West | C21: =SUMIF('Raw Data'!B:B,"West",'Raw Data'!C:C) -> 541000 | D21: =SUMIF('Raw Data'!B:B,"West",'Raw Data'!D:D) -> 524000 | E21: =C21/D21 -> 1.0324427 | F21: =SUMIF('Raw Data'!B:B,"West",'Raw Data'!E:E) -> 186 | G21: =SUMIF('Raw Data'!B:B,"West",'Raw Data'!G:G) -> 84 | H21: =AVERAGEIF('Raw Data'!B:B,"West",'Raw Data'!I:I) -> 0.4475 | J21: Apr | K21: =SUMIF('Raw Data'!A:A,"Apr",'Raw Data'!E:E) -> 63 | L21: =SUMIF('Raw Data'!A:A,"Apr",'Raw Data'!G:G) -> 25 | M21: =AVERAGEIF('Raw Data'!A:A,"Apr",'Raw Data'!H:H) -> 0.024 | N21: =AVERAGEIF('Raw Data'!A:A,"Apr",'Raw Data'!I:I) -> 0.435
J22: May | K22: =SUMIF('Raw Data'!A:A,"May",'Raw Data'!E:E) -> 63 | L22: =SUMIF('Raw Data'!A:A,"May",'Raw Data'!G:G) -> 29 | M22: =AVERAGEIF('Raw Data'!A:A,"May",'Raw Data'!H:H) -> 0.023 | N22: =AVERAGEIF('Raw Data'!A:A,"May",'Raw Data'!I:I) -> 0.44
J23: Jun | K23: =SUMIF('Raw Data'!A:A,"Jun",'Raw Data'!E:E) -> 63 | L23: =SUMIF('Raw Data'!A:A,"Jun",'Raw Data'!G:G) -> 29 | M23: =AVERAGEIF('Raw Data'!A:A,"Jun",'Raw Data'!H:H) -> 0.022 | N23: =AVERAGEIF('Raw Data'!A:A,"Jun",'Raw Data'!I:I) -> 0.445
J24: Jul | K24: =SUMIF('Raw Data'!A:A,"Jul",'Raw Data'!E:E) -> 67 | L24: =SUMIF('Raw Data'!A:A,"Jul",'Raw Data'!G:G) -> 29 | M24: =AVERAGEIF('Raw Data'!A:A,"Jul",'Raw Data'!H:H) -> 0.022 | N24: =AVERAGEIF('Raw Data'!A:A,"Jul",'Raw Data'!I:I) -> 0.45
J25: Aug | K25: =SUMIF('Raw Data'!A:A,"Aug",'Raw Data'!E:E) -> 67 | L25: =SUMIF('Raw Data'!A:A,"Aug",'Raw Data'!G:G) -> 29 | M25: =AVERAGEIF('Raw Data'!A:A,"Aug",'Raw Data'!H:H) -> 0.021 | N25: =AVERAGEIF('Raw Data'!A:A,"Aug",'Raw Data'!I:I) -> 0.455
J26: Sep | K26: =SUMIF('Raw Data'!A:A,"Sep",'Raw Data'!E:E) -> 67 | L26: =SUMIF('Raw Data'!A:A,"Sep",'Raw Data'!G:G) -> 33 | M26: =AVERAGEIF('Raw Data'!A:A,"Sep",'Raw Data'!H:H) -> 0.021 | N26: =AVERAGEIF('Raw Data'!A:A,"Sep",'Raw Data'!I:I) -> 0.46
J27: Oct | K27: =SUMIF('Raw Data'!A:A,"Oct",'Raw Data'!E:E) -> 71 | L27: =SUMIF('Raw Data'!A:A,"Oct",'Raw Data'!G:G) -> 33 | M27: =AVERAGEIF('Raw Data'!A:A,"Oct",'Raw Data'!H:H) -> 0.02 | N27: =AVERAGEIF('Raw Data'!A:A,"Oct",'Raw Data'!I:I) -> 0.465
J28: Nov | K28: =SUMIF('Raw Data'!A:A,"Nov",'Raw Data'!E:E) -> 71 | L28: =SUMIF('Raw Data'!A:A,"Nov",'Raw Data'!G:G) -> 33 | M28: =AVERAGEIF('Raw Data'!A:A,"Nov",'Raw Data'!H:H) -> 0.02 | N28: =AVERAGEIF('Raw Data'!A:A,"Nov",'Raw Data'!I:I) -> 0.47
J29: Dec | K29: =SUMIF('Raw Data'!A:A,"Dec",'Raw Data'!E:E) -> 71 | L29: =SUMIF('Raw Data'!A:A,"Dec",'Raw Data'!G:G) -> 33 | M29: =AVERAGEIF('Raw Data'!A:A,"Dec",'Raw Data'!H:H) -> 0.019 | N29: =AVERAGEIF('Raw Data'!A:A,"Dec",'Raw Data'!I:I) -> 0.475
